index,audio_file,model,emotion,file_index,valence,arousal,num_annotators
1,Mustango_sad_1_crop.wav,Mustango,sad,1,4.0,2.833,6
2,Mustango_scared_1_crop.wav,Mustango,scared,1,2.167,6.167,6
3,StableAudio_angry_1_crop.wav,StableAudio,angry,1,4.0,6.6,5
4,Mustango_tranquil_1_crop.wav,Mustango,tranquil,1,3.714,4.143,7
5,StableAudio_scared_1_crop.wav,StableAudio,scared,1,2.833,5.5,6
6,StableAudio_tranquil_1_crop.wav,StableAudio,tranquil,1,5.0,4.667,6
7,Udio_calm_1_crop.wav,Udio,calm,1,6.5,2.333,6
8,StableAudio_anxious_1_crop.wav,StableAudio,anxious,1,4.667,4.333,6
9,AudioLDM2_energetic_1_crop.wav,AudioLDM2,energetic,1,4.571,5.429,7
10,AudioLDM2_excited_1_crop.wav,AudioLDM2,excited,1,5.0,4.2,5
11,Mustango_dull_1_crop.wav,Mustango,dull,1,3.286,2.571,7
12,Mustango_calm_1_crop.wav,Mustango,calm,1,5.2,4.6,5
13,Mustango_anxious_1_crop.wav,Mustango,anxious,1,5.333,3.667,6
14,Udio_tranquil_1_crop.wav,Udio,tranquil,1,4.5,3.5,6
15,Mustango_angry_1_crop.wav,Mustango,angry,1,3.667,4.667,6
16,Mustango_energetic_1_crop.wav,Mustango,energetic,1,5.429,6.143,7
17,AudioLDM2_tranquil_1_crop.wav,AudioLDM2,tranquil,1,3.25,3.25,8
18,MusicGen_angry_1_crop.wav,MusicGen,angry,1,3.0,4.0,4
19,Suno_calm_1_crop.wav,Suno,calm,1,5.875,3.0,8
20,Suno_tranquil_1_crop.wav,Suno,tranquil,1,5.5,3.333,6
21,Suno_anxious_1_crop.wav,Suno,anxious,1,5.667,4.0,6
22,MusicGen_scared_1_crop.wav,MusicGen,scared,1,2.714,5.0,7
23,Suno_angry_1_crop.wav,Suno,angry,1,5.333,7.0,6
24,Suno_dull_1_crop.wav,Suno,dull,1,4.857,2.857,7
25,Udio_dull_1_crop.wav,Udio,dull,1,4.667,3.167,6
26,AudioLDM2_relaxed_1_crop.wav,AudioLDM2,relaxed,1,4.5,2.5,6
27,AudioLDM2_scared_1_crop.wav,AudioLDM2,scared,1,2.8,4.6,5
28,AudioLDM2_sad_1_crop.wav,AudioLDM2,sad,1,3.667,2.667,6
29,StableAudio_relaxed_1_crop.wav,StableAudio,relaxed,1,4.714,3.143,7
30,StableAudio_sad_1_crop.wav,StableAudio,sad,1,4.5,6.167,6
31,StableAudio_happy_1_crop.wav,StableAudio,happy,1,6.375,4.75,8
32,MusicGen_tranquil_1_crop.wav,MusicGen,tranquil,1,4.2,4.6,5
33,StableAudio_excited_1_crop.wav,StableAudio,excited,1,3.625,5.0,8
34,StableAudio_gloomy_1_crop.wav,StableAudio,gloomy,1,5.6,3.2,5
35,Mustango_gloomy_1_crop.wav,Mustango,gloomy,1,4.143,3.714,7
36,Mustango_excited_1_crop.wav,Mustango,excited,1,5.0,5.25,4
37,Suno_sad_1_crop.wav,Suno,sad,1,6.667,2.0,6
38,Suno_scared_1_crop.wav,Suno,scared,1,2.25,4.0,8
39,MusicGen_calm_1_crop.wav,MusicGen,calm,1,3.5,2.333,6
40,MusicGen_anxious_1_crop.wav,MusicGen,anxious,1,6.667,6.167,6
41,AudioLDM2_gloomy_1_crop.wav,AudioLDM2,gloomy,1,3.5,3.75,4
42,AudioLDM2_happy_1_crop.wav,AudioLDM2,happy,1,6.167,3.333,6
43,Udio_excited_1_crop.wav,Udio,excited,1,7.0,6.714,7
44,Udio_energetic_1_crop.wav,Udio,energetic,1,6.0,6.0,4
45,AudioLDM2_angry_1_crop.wav,AudioLDM2,angry,1,5.0,7.0,7
46,Udio_relaxed_1_crop.wav,Udio,relaxed,1,4.714,4.0,7
47,MusicGen_energetic_1_crop.wav,MusicGen,energetic,1,3.5,5.25,8
48,MusicGen_dull_1_crop.wav,MusicGen,dull,1,2.857,6.143,7
49,MusicGen_gloomy_1_crop.wav,MusicGen,gloomy,1,4.286,3.857,7
50,MusicGen_happy_1_crop.wav,MusicGen,happy,1,6.833,5.667,6
51,Suno_gloomy_1_crop.wav,Suno,gloomy,1,5.2,5.0,5
52,Suno_excited_1_crop.wav,Suno,excited,1,6.5,6.667,6
53,Suno_happy_1_crop.wav,Suno,happy,1,7.143,5.857,7
54,Suno_relaxed_1_crop.wav,Suno,relaxed,1,7.75,4.125,8
55,MusicGen_sad_1_crop.wav,MusicGen,sad,1,3.286,2.857,7
56,MusicGen_relaxed_1_crop.wav,MusicGen,relaxed,1,4.333,3.833,6
57,StableAudio_energetic_1_crop.wav,StableAudio,energetic,1,6.0,6.333,6
58,Mustango_relaxed_1_crop.wav,Mustango,relaxed,1,3.556,2.556,9
59,MusicGen_excited_1_crop.wav,MusicGen,excited,1,4.2,6.6,5
60,Udio_anxious_1_crop.wav,Udio,anxious,1,7.167,5.667,6
61,StableAudio_calm_1_crop.wav,StableAudio,calm,1,4.5,2.5,6
62,StableAudio_dull_1_crop.wav,StableAudio,dull,1,3.167,4.167,6
63,Udio_angry_1_crop.wav,Udio,angry,1,6.143,7.857,7
64,Udio_gloomy_1_crop.wav,Udio,gloomy,1,5.5,5.667,6
65,AudioLDM2_anxious_1_crop.wav,AudioLDM2,anxious,1,3.4,5.0,5
66,AudioLDM2_dull_1_crop.wav,AudioLDM2,dull,1,4.667,3.0,6
67,Udio_scared_1_crop.wav,Udio,scared,1,7.4,6.2,5
68,Udio_sad_1_crop.wav,Udio,sad,1,5.5,3.167,6
69,Udio_happy_1_crop.wav,Udio,happy,1,6.429,6.0,7
70,AudioLDM2_calm_1_crop.wav,AudioLDM2,calm,1,4.6,2.2,5
71,MusicGen_scared_2_crop.wav,MusicGen,scared,2,1.833,6.333,6
72,Suno_calm_2_crop.wav,Suno,calm,2,6.2,2.8,5
73,StableAudio_sad_2_crop.wav,StableAudio,sad,2,5.286,4.286,7
74,Suno_anxious_2_crop.wav,Suno,anxious,2,5.571,6.286,7
75,Suno_dull_2_crop.wav,Suno,dull,2,5.5,5.333,6
76,Suno_angry_2_crop.wav,Suno,angry,2,7.5,7.667,6
77,MusicGen_angry_2_crop.wav,MusicGen,angry,2,3.286,5.857,7
78,AudioLDM2_tranquil_2_crop.wav,AudioLDM2,tranquil,2,3.6,4.6,5
79,MusicGen_sad_2_crop.wav,MusicGen,sad,2,2.167,3.5,6
80,AudioLDM2_scared_2_crop.wav,AudioLDM2,scared,2,2.286,3.143,7
81,StableAudio_tranquil_2_crop.wav,StableAudio,tranquil,2,4.125,3.5,8
82,StableAudio_scared_2_crop.wav,StableAudio,scared,2,4.143,5.571,7
83,StableAudio_anxious_2_crop.wav,StableAudio,anxious,2,4.0,6.0,6
84,Udio_calm_2_crop.wav,Udio,calm,2,6.833,4.667,6
85,Mustango_scared_2_crop.wav,Mustango,scared,2,1.5,6.25,4
86,Mustango_sad_2_crop.wav,Mustango,sad,2,3.2,2.4,5
87,Mustango_tranquil_2_crop.wav,Mustango,tranquil,2,4.5,3.167,6
88,Mustango_angry_2_crop.wav,Mustango,angry,2,3.625,5.75,8
89,AudioLDM2_dull_2_crop.wav,AudioLDM2,dull,2,4.6,3.4,5
90,StableAudio_relaxed_2_crop.wav,StableAudio,relaxed,2,3.5,1.5,4
91,Mustango_energetic_2_crop.wav,Mustango,energetic,2,5.429,6.714,7
92,StableAudio_happy_2_crop.wav,StableAudio,happy,2,6.143,6.0,7
93,AudioLDM2_relaxed_2_crop.wav,AudioLDM2,relaxed,2,6.0,3.167,6
94,Udio_dull_2_crop.wav,Udio,dull,2,5.0,3.571,7
95,AudioLDM2_sad_2_crop.wav,AudioLDM2,sad,2,3.167,3.667,6
96,Mustango_dull_2_crop.wav,Mustango,dull,2,2.5,5.167,6
97,Suno_relaxed_2_crop.wav,Suno,relaxed,2,6.143,4.714,7
98,Suno_happy_2_crop.wav,Suno,happy,2,7.333,5.5,6
99,Suno_gloomy_2_crop.wav,Suno,gloomy,2,6.111,3.222,9
100,MusicGen_relaxed_2_crop.wav,MusicGen,relaxed,2,3.714,4.286,7
101,MusicGen_happy_2_crop.wav,MusicGen,happy,2,6.5,5.833,6
102,MusicGen_gloomy_2_crop.wav,MusicGen,gloomy,2,4.714,4.571,7
103,Suno_energetic_2_crop.wav,Suno,energetic,2,6.429,6.571,7
104,Suno_excited_2_crop.wav,Suno,excited,2,7.714,7.143,7
105,StableAudio_dull_2_crop.wav,StableAudio,dull,2,7.167,4.833,6
106,StableAudio_calm_2_crop.wav,StableAudio,calm,2,6.333,3.0,6
107,Suno_tranquil_2_crop.wav,Suno,tranquil,2,6.5,2.833,6
108,Udio_angry_2_crop.wav,Udio,angry,2,5.0,6.0,5
109,Mustango_happy_2_crop.wav,Mustango,happy,2,4.429,5.286,7
110,StableAudio_energetic_2_crop.wav,StableAudio,energetic,2,6.2,6.0,5
111,Mustango_relaxed_2_crop.wav,Mustango,relaxed,2,4.667,4.0,6
112,MusicGen_excited_2_crop.wav,MusicGen,excited,2,4.286,5.143,7
113,Suno_sad_2_crop.wav,Suno,sad,2,5.833,3.333,6
114,MusicGen_calm_2_crop.wav,MusicGen,calm,2,4.25,4.0,8
115,Udio_anxious_2_crop.wav,Udio,anxious,2,6.0,6.714,7
116,MusicGen_anxious_2_crop.wav,MusicGen,anxious,2,3.75,7.625,8
117,StableAudio_gloomy_2_crop.wav,StableAudio,gloomy,2,4.667,3.333,6
118,StableAudio_excited_2_crop.wav,StableAudio,excited,2,5.167,6.833,6
119,Mustango_excited_2_crop.wav,Mustango,excited,2,5.833,4.167,6
120,Mustango_gloomy_2_crop.wav,Mustango,gloomy,2,4.429,2.429,7
121,AudioLDM2_angry_2_crop.wav,AudioLDM2,angry,2,3.714,4.571,7
122,Udio_tranquil_2_crop.wav,Udio,tranquil,2,3.857,3.286,7
123,Udio_scared_2_crop.wav,Udio,scared,2,6.286,6.0,7
124,Mustango_anxious_2_crop.wav,Mustango,anxious,2,4.571,4.0,7
125,MusicGen_tranquil_2_crop.wav,MusicGen,tranquil,2,5.2,3.0,5
126,AudioLDM2_energetic_2_crop.wav,AudioLDM2,energetic,2,5.286,5.571,7
127,Mustango_calm_2_crop.wav,Mustango,calm,2,5.286,3.857,7
128,StableAudio_angry_2_crop.wav,StableAudio,angry,2,3.5,6.5,8
129,Udio_excited_2_crop.wav,Udio,excited,2,6.833,7.333,6
130,Udio_energetic_2_crop.wav,Udio,energetic,2,5.5,7.0,8
131,AudioLDM2_gloomy_2_crop.wav,AudioLDM2,gloomy,2,5.0,3.5,4
132,AudioLDM2_happy_2_crop.wav,AudioLDM2,happy,2,6.0,5.2,5
133,MusicGen_dull_2_crop.wav,MusicGen,dull,2,4.2,6.2,5
134,Suno_scared_2_crop.wav,Suno,scared,2,4.0,5.0,5
135,MusicGen_energetic_2_crop.wav,MusicGen,energetic,2,3.75,6.25,8
136,Udio_happy_2_crop.wav,Udio,happy,2,6.125,5.0,8
137,AudioLDM2_calm_2_crop.wav,AudioLDM2,calm,2,4.167,4.833,6
138,AudioLDM2_anxious_2_crop.wav,AudioLDM2,anxious,2,4.286,3.143,7
139,Udio_gloomy_2_crop.wav,Udio,gloomy,2,6.25,5.75,8
140,Udio_relaxed_2_crop.wav,Udio,relaxed,2,5.143,3.714,7
141,Udio_sad_2_crop.wav,Udio,sad,2,6.667,4.167,6
142,Udio_sad_3_crop.wav,Udio,sad,3,6.6,5.0,5
143,AudioLDM2_calm_3_crop.wav,AudioLDM2,calm,3,5.333,3.167,6
144,Udio_happy_3_crop.wav,Udio,happy,3,6.75,6.875,8
145,Udio_relaxed_3_crop.wav,Udio,relaxed,3,5.0,4.25,8
146,AudioLDM2_anxious_3_crop.wav,AudioLDM2,anxious,3,5.0,3.833,6
147,Udio_excited_3_crop.wav,Udio,excited,3,7.111,7.111,9
148,Udio_energetic_3_crop.wav,Udio,energetic,3,6.625,8.125,8
149,Udio_gloomy_3_crop.wav,Udio,gloomy,3,6.167,6.0,6
150,AudioLDM2_happy_3_crop.wav,AudioLDM2,happy,3,5.167,3.667,6
151,Udio_scared_3_crop.wav,Udio,scared,3,5.857,6.143,7
152,Suno_scared_3_crop.wav,Suno,scared,3,6.333,4.5,6
153,Suno_gloomy_3_crop.wav,Suno,gloomy,3,4.5,3.333,6
154,MusicGen_energetic_3_crop.wav,MusicGen,energetic,3,3.0,4.0,5
155,Udio_tranquil_3_crop.wav,Udio,tranquil,3,6.2,3.8,5
156,AudioLDM2_angry_3_crop.wav,AudioLDM2,angry,3,3.143,5.286,7
157,AudioLDM2_gloomy_3_crop.wav,AudioLDM2,gloomy,3,6.0,4.167,6
158,MusicGen_dull_3_crop.wav,MusicGen,dull,3,2.667,2.667,6
159,Suno_sad_3_crop.wav,Suno,sad,3,4.5,3.5,6
160,Mustango_gloomy_3_crop.wav,Mustango,gloomy,3,4.143,2.143,7
161,MusicGen_calm_3_crop.wav,MusicGen,calm,3,5.4,4.0,5
162,Suno_relaxed_3_crop.wav,Suno,relaxed,3,6.5,3.833,6
163,StableAudio_dull_3_crop.wav,StableAudio,dull,3,5.5,3.75,4
164,Udio_angry_3_crop.wav,Udio,angry,3,5.8,8.0,5
165,MusicGen_happy_3_crop.wav,MusicGen,happy,3,6.333,6.333,6
166,Suno_energetic_3_crop.wav,Suno,energetic,3,7.333,7.833,6
167,Suno_excited_3_crop.wav,Suno,excited,3,6.333,6.667,6
168,MusicGen_excited_3_crop.wav,MusicGen,excited,3,3.5,6.5,4
169,MusicGen_relaxed_3_crop.wav,MusicGen,relaxed,3,4.167,4.0,6
170,StableAudio_excited_3_crop.wav,StableAudio,excited,3,5.667,5.0,6
171,Suno_happy_3_crop.wav,Suno,happy,3,8.0,4.875,8
172,Mustango_excited_3_crop.wav,Mustango,excited,3,4.375,5.75,8
173,StableAudio_gloomy_3_crop.wav,StableAudio,gloomy,3,4.167,4.5,6
174,MusicGen_gloomy_3_crop.wav,MusicGen,gloomy,3,3.667,5.167,6
175,Mustango_relaxed_3_crop.wav,Mustango,relaxed,3,4.4,4.6,5
176,StableAudio_energetic_3_crop.wav,StableAudio,energetic,3,3.429,3.571,7
177,Mustango_happy_3_crop.wav,Mustango,happy,3,4.714,5.286,7
178,StableAudio_calm_3_crop.wav,StableAudio,calm,3,5.571,4.857,7
179,MusicGen_scared_3_crop.wav,MusicGen,scared,3,3.0,3.444,9
180,Suno_angry_3_crop.wav,Suno,angry,3,5.667,7.5,6
181,Suno_tranquil_3_crop.wav,Suno,tranquil,3,5.857,3.429,7
182,Suno_anxious_3_crop.wav,Suno,anxious,3,5.8,6.0,5
183,Suno_dull_3_crop.wav,Suno,dull,3,5.2,4.8,5
184,StableAudio_scared_3_crop.wav,StableAudio,scared,3,3.333,5.333,6
185,Mustango_angry_3_crop.wav,Mustango,angry,3,3.857,5.143,7
186,Mustango_anxious_3_crop.wav,Mustango,anxious,3,4.167,5.0,6
187,AudioLDM2_energetic_3_crop.wav,AudioLDM2,energetic,3,5.6,4.4,5
188,AudioLDM2_dull_3_crop.wav,AudioLDM2,dull,3,6.0,2.5,4
189,AudioLDM2_excited_3_crop.wav,AudioLDM2,excited,3,6.167,4.833,6
190,Mustango_energetic_3_crop.wav,Mustango,energetic,3,4.571,4.714,7
191,StableAudio_happy_3_crop.wav,StableAudio,happy,3,5.833,5.333,6
192,Mustango_dull_3_crop.wav,Mustango,dull,3,1.5,3.0,8
193,MusicGen_tranquil_3_crop.wav,MusicGen,tranquil,3,3.5,2.833,6
194,Mustango_calm_3_crop.wav,Mustango,calm,3,3.4,2.8,5
195,StableAudio_sad_3_crop.wav,StableAudio,sad,3,5.0,3.6,5
196,StableAudio_relaxed_3_crop.wav,StableAudio,relaxed,3,4.667,3.0,6
197,Udio_dull_3_crop.wav,Udio,dull,3,6.2,2.0,5
198,AudioLDM2_tranquil_3_crop.wav,AudioLDM2,tranquil,3,4.0,3.429,7
199,AudioLDM2_relaxed_3_crop.wav,AudioLDM2,relaxed,3,4.6,2.8,5
200,AudioLDM2_sad_3_crop.wav,AudioLDM2,sad,3,5.0,2.143,7
201,AudioLDM2_scared_3_crop.wav,AudioLDM2,scared,3,1.375,4.0,8
202,MusicGen_angry_3_crop.wav,MusicGen,angry,3,3.167,5.333,6
203,Suno_calm_3_crop.wav,Suno,calm,3,6.0,2.667,6
204,MusicGen_sad_3_crop.wav,MusicGen,sad,3,2.4,4.6,5
205,StableAudio_tranquil_3_crop.wav,StableAudio,tranquil,3,5.0,3.8,5
206,Udio_anxious_3_crop.wav,Udio,anxious,3,6.5,4.833,6
207,Udio_calm_3_crop.wav,Udio,calm,3,7.0,4.333,6
208,Mustango_scared_3_crop.wav,Mustango,scared,3,3.6,5.8,5
209,StableAudio_angry_3_crop.wav,StableAudio,angry,3,4.6,7.8,5
210,Mustango_tranquil_3_crop.wav,Mustango,tranquil,3,4.0,2.857,7
211,Mustango_sad_3_crop.wav,Mustango,sad,3,3.0,2.333,6
212,StableAudio_anxious_3_crop.wav,StableAudio,anxious,3,6.2,6.8,5
213,Suno_angry_4_crop.wav,Suno,angry,4,5.571,6.714,7
214,Suno_dull_4_crop.wav,Suno,dull,4,6.571,2.571,7
215,MusicGen_scared_4_crop.wav,MusicGen,scared,4,3.2,4.8,5
216,MusicGen_happy_4_crop.wav,MusicGen,happy,4,4.375,5.375,8
217,Suno_excited_4_crop.wav,Suno,excited,4,5.857,7.286,7
218,Suno_happy_4_crop.wav,Suno,happy,4,7.143,6.571,7
219,StableAudio_energetic_4_crop.wav,StableAudio,energetic,4,4.75,7.0,4
220,StableAudio_gloomy_4_crop.wav,StableAudio,gloomy,4,4.8,4.4,5
221,Suno_relaxed_4_crop.wav,Suno,relaxed,4,7.143,3.571,7
222,MusicGen_excited_4_crop.wav,MusicGen,excited,4,6.0,6.778,9
223,StableAudio_excited_4_crop.wav,StableAudio,excited,4,3.5,5.667,6
224,Mustango_excited_4_crop.wav,Mustango,excited,4,5.714,5.857,7
225,MusicGen_relaxed_4_crop.wav,MusicGen,relaxed,4,4.0,3.5,6
226,Suno_energetic_4_crop.wav,Suno,energetic,4,6.2,8.4,5
227,MusicGen_gloomy_4_crop.wav,MusicGen,gloomy,4,4.0,5.5,4
228,Mustango_dull_4_crop.wav,Mustango,dull,4,2.833,3.5,6
229,Mustango_calm_4_crop.wav,Mustango,calm,4,3.714,2.0,7
230,Mustango_energetic_4_crop.wav,Mustango,energetic,4,4.667,6.167,6
231,StableAudio_happy_4_crop.wav,StableAudio,happy,4,3.0,4.667,6
232,MusicGen_tranquil_4_crop.wav,MusicGen,tranquil,4,3.143,3.571,7
233,Mustango_anxious_4_crop.wav,Mustango,anxious,4,4.429,3.714,7
234,AudioLDM2_energetic_4_crop.wav,AudioLDM2,energetic,4,6.333,5.5,6
235,AudioLDM2_dull_4_crop.wav,AudioLDM2,dull,4,5.6,4.0,5
236,Mustango_angry_4_crop.wav,Mustango,angry,4,2.5,7.5,6
237,StableAudio_scared_4_crop.wav,StableAudio,scared,4,3.0,4.25,4
238,AudioLDM2_relaxed_4_crop.wav,AudioLDM2,relaxed,4,3.5,3.333,6
239,AudioLDM2_sad_4_crop.wav,AudioLDM2,sad,4,4.667,5.0,6
240,StableAudio_sad_4_crop.wav,StableAudio,sad,4,3.286,5.429,7
241,Suno_tranquil_4_crop.wav,Suno,tranquil,4,6.0,2.286,7
242,Suno_anxious_4_crop.wav,Suno,anxious,4,6.286,6.143,7
243,Mustango_happy_4_crop.wav,Mustango,happy,4,4.5,5.0,4
244,Udio_angry_4_crop.wav,Udio,angry,4,5.222,7.889,9
245,Mustango_relaxed_4_crop.wav,Mustango,relaxed,4,3.625,2.5,8
246,StableAudio_dull_4_crop.wav,StableAudio,dull,4,4.0,4.4,5
247,StableAudio_calm_4_crop.wav,StableAudio,calm,4,5.167,4.5,6
248,Udio_gloomy_4_crop.wav,Udio,gloomy,4,5.5,6.0,6
249,MusicGen_energetic_4_crop.wav,MusicGen,energetic,4,6.0,6.857,7
250,Suno_gloomy_4_crop.wav,Suno,gloomy,4,6.0,3.667,6
251,Suno_scared_4_crop.wav,Suno,scared,4,5.875,5.625,8
252,Udio_tranquil_4_crop.wav,Udio,tranquil,4,4.125,2.625,8
253,Udio_scared_4_crop.wav,Udio,scared,4,5.2,5.4,5
254,Mustango_gloomy_4_crop.wav,Mustango,gloomy,4,3.714,3.286,7
255,MusicGen_anxious_4_crop.wav,MusicGen,anxious,4,5.125,6.375,8
256,MusicGen_calm_4_crop.wav,MusicGen,calm,4,5.714,3.286,7
257,MusicGen_dull_4_crop.wav,MusicGen,dull,4,4.429,4.0,7
258,Suno_sad_4_crop.wav,Suno,sad,4,5.857,3.857,7
259,Udio_excited_4_crop.wav,Udio,excited,4,7.6,6.8,5
260,AudioLDM2_happy_4_crop.wav,AudioLDM2,happy,4,4.333,3.667,6
261,AudioLDM2_gloomy_4_crop.wav,AudioLDM2,gloomy,4,3.833,3.0,6
262,Udio_happy_4_crop.wav,Udio,happy,4,6.714,6.857,7
263,AudioLDM2_angry_4_crop.wav,AudioLDM2,angry,4,4.0,4.0,6
264,Udio_energetic_4_crop.wav,Udio,energetic,4,5.4,6.0,5
265,AudioLDM2_anxious_4_crop.wav,AudioLDM2,anxious,4,3.75,4.0,8
266,AudioLDM2_excited_4_crop.wav,AudioLDM2,excited,4,6.25,6.25,8
267,AudioLDM2_calm_4_crop.wav,AudioLDM2,calm,4,4.143,3.143,7
268,Udio_sad_4_crop.wav,Udio,sad,4,6.0,6.0,6
269,Udio_relaxed_4_crop.wav,Udio,relaxed,4,4.2,4.2,5
270,StableAudio_angry_4_crop.wav,StableAudio,angry,4,4.0,8.333,6
271,StableAudio_relaxed_4_crop.wav,StableAudio,relaxed,4,5.286,2.571,7
272,Udio_anxious_4_crop.wav,Udio,anxious,4,6.833,6.333,6
273,Mustango_sad_4_crop.wav,Mustango,sad,4,4.143,4.143,7
274,StableAudio_anxious_4_crop.wav,StableAudio,anxious,4,4.25,3.25,4
275,Udio_calm_4_crop.wav,Udio,calm,4,6.6,3.2,5
276,Mustango_scared_4_crop.wav,Mustango,scared,4,2.857,7.0,7
277,Mustango_tranquil_4_crop.wav,Mustango,tranquil,4,4.0,3.333,6
278,Udio_dull_4_crop.wav,Udio,dull,4,5.5,3.667,6
279,MusicGen_sad_4_crop.wav,MusicGen,sad,4,1.833,5.667,6
280,MusicGen_angry_4_crop.wav,MusicGen,angry,4,4.25,5.25,4
281,AudioLDM2_tranquil_4_crop.wav,AudioLDM2,tranquil,4,3.833,2.167,6
282,AudioLDM2_scared_4_crop.wav,AudioLDM2,scared,4,3.167,3.333,6
283,StableAudio_tranquil_4_crop.wav,StableAudio,tranquil,4,5.143,2.571,7
284,Suno_calm_4_crop.wav,Suno,calm,4,5.6,2.6,5
285,Mustango_relaxed_5_crop.wav,Mustango,relaxed,5,2.5,2.75,4
286,Suno_angry_5_crop.wav,Suno,angry,5,6.5,6.75,8
287,Suno_calm_5_crop.wav,Suno,calm,5,5.5,3.833,6
288,StableAudio_tranquil_5_crop.wav,StableAudio,tranquil,5,4.5,3.5,8
289,Suno_anxious_5_crop.wav,Suno,anxious,5,6.25,5.5,4
290,Suno_tranquil_5_crop.wav,Suno,tranquil,5,6.5,2.625,8
291,Udio_angry_5_crop.wav,Udio,angry,5,6.75,7.5,4
292,Mustango_happy_5_crop.wav,Mustango,happy,5,5.833,5.333,6
293,StableAudio_calm_5_crop.wav,StableAudio,calm,5,6.0,3.8,5
294,StableAudio_dull_5_crop.wav,StableAudio,dull,5,4.714,4.571,7
295,MusicGen_energetic_5_crop.wav,MusicGen,energetic,5,1.6,6.2,5
296,Suno_scared_5_crop.wav,Suno,scared,5,6.833,6.0,6
297,MusicGen_calm_5_crop.wav,MusicGen,calm,5,5.286,3.857,7
298,Suno_sad_5_crop.wav,Suno,sad,5,6.25,2.5,8
299,MusicGen_anxious_5_crop.wav,MusicGen,anxious,5,4.667,6.667,6
300,Mustango_excited_5_crop.wav,Mustango,excited,5,4.4,4.2,5
301,Mustango_gloomy_5_crop.wav,Mustango,gloomy,5,4.286,3.714,7
302,AudioLDM2_happy_5_crop.wav,AudioLDM2,happy,5,6.8,5.8,5
303,AudioLDM2_gloomy_5_crop.wav,AudioLDM2,gloomy,5,5.4,3.6,5
304,Udio_gloomy_5_crop.wav,Udio,gloomy,5,6.6,5.2,5
305,Udio_energetic_5_crop.wav,Udio,energetic,5,6.0,6.0,4
306,AudioLDM2_calm_5_crop.wav,AudioLDM2,calm,5,4.143,3.714,7
307,StableAudio_anxious_5_crop.wav,StableAudio,anxious,5,3.2,5.6,5
308,AudioLDM2_anxious_5_crop.wav,AudioLDM2,anxious,5,2.833,3.667,6
309,AudioLDM2_excited_5_crop.wav,AudioLDM2,excited,5,5.6,5.4,5
310,Udio_relaxed_5_crop.wav,Udio,relaxed,5,5.4,3.8,5
311,Udio_sad_5_crop.wav,Udio,sad,5,5.0,3.5,6
312,MusicGen_relaxed_5_crop.wav,MusicGen,relaxed,5,4.429,5.429,7
313,Suno_energetic_5_crop.wav,Suno,energetic,5,7.0,6.4,5
314,Suno_excited_5_crop.wav,Suno,excited,5,6.857,7.857,7
315,MusicGen_gloomy_5_crop.wav,MusicGen,gloomy,5,2.167,5.167,6
316,Suno_relaxed_5_crop.wav,Suno,relaxed,5,6.0,3.5,6
317,MusicGen_happy_5_crop.wav,MusicGen,happy,5,4.875,7.0,8
318,Suno_happy_5_crop.wav,Suno,happy,5,6.5,5.0,6
319,Suno_gloomy_5_crop.wav,Suno,gloomy,5,6.2,6.0,5
320,StableAudio_excited_5_crop.wav,StableAudio,excited,5,6.833,4.833,6
321,StableAudio_energetic_5_crop.wav,StableAudio,energetic,5,5.667,5.667,6
322,StableAudio_gloomy_5_crop.wav,StableAudio,gloomy,5,6.5,4.5,6
323,Udio_happy_5_crop.wav,Udio,happy,5,7.0,7.286,7
324,Udio_scared_5_crop.wav,Udio,scared,5,6.143,5.857,7
325,Udio_tranquil_5_crop.wav,Udio,tranquil,5,6.0,2.4,5
326,MusicGen_dull_5_crop.wav,MusicGen,dull,5,4.167,6.0,6
327,Udio_dull_5_crop.wav,Udio,dull,5,7.143,3.286,7
328,StableAudio_relaxed_5_crop.wav,StableAudio,relaxed,5,4.714,3.286,7
329,Suno_dull_5_crop.wav,Suno,dull,5,6.6,4.2,5
330,MusicGen_sad_5_crop.wav,MusicGen,sad,5,3.167,6.0,6
331,AudioLDM2_tranquil_5_crop.wav,AudioLDM2,tranquil,5,2.8,3.2,5
332,MusicGen_angry_5_crop.wav,MusicGen,angry,5,2.167,6.333,6
333,AudioLDM2_scared_5_crop.wav,AudioLDM2,scared,5,2.0,3.125,8
334,Udio_excited_5_crop.wav,Udio,excited,5,7.0,7.2,5
335,StableAudio_scared_5_crop.wav,StableAudio,scared,5,4.143,4.143,7
336,Mustango_angry_5_crop.wav,Mustango,angry,5,3.667,5.167,6
337,StableAudio_sad_5_crop.wav,StableAudio,sad,5,5.143,4.714,7
338,AudioLDM2_energetic_5_crop.wav,AudioLDM2,energetic,5,4.667,4.167,6
339,Mustango_anxious_5_crop.wav,Mustango,anxious,5,3.125,3.375,8
340,MusicGen_tranquil_5_crop.wav,MusicGen,tranquil,5,3.25,2.0,8
341,AudioLDM2_dull_5_crop.wav,AudioLDM2,dull,5,4.333,3.667,6
342,StableAudio_happy_5_crop.wav,StableAudio,happy,5,6.429,5.857,7
343,Mustango_dull_5_crop.wav,Mustango,dull,5,3.333,2.333,6
344,Mustango_calm_5_crop.wav,Mustango,calm,5,3.333,3.333,6
345,AudioLDM2_relaxed_5_crop.wav,AudioLDM2,relaxed,5,5.667,2.667,6
346,Udio_calm_5_crop.wav,Udio,calm,5,6.6,3.4,5
347,AudioLDM2_sad_5_crop.wav,AudioLDM2,sad,5,4.375,3.375,8
348,StableAudio_angry_5_crop.wav,StableAudio,angry,5,3.375,6.0,8
349,Udio_anxious_5_crop.wav,Udio,anxious,5,3.75,5.0,8
350,Mustango_tranquil_5_crop.wav,Mustango,tranquil,5,4.333,4.167,6
351,Mustango_scared_5_crop.wav,Mustango,scared,5,3.4,5.2,5
352,Mustango_sad_5_crop.wav,Mustango,sad,5,4.8,3.0,5
353,Udio_sad_6_crop.wav,Udio,sad,6,5.0,3.25,8
354,Udio_relaxed_6_crop.wav,Udio,relaxed,6,4.286,2.857,7
355,AudioLDM2_calm_6_crop.wav,AudioLDM2,calm,6,3.333,3.333,6
356,AudioLDM2_anxious_6_crop.wav,AudioLDM2,anxious,6,3.714,5.0,7
357,AudioLDM2_excited_6_crop.wav,AudioLDM2,excited,6,5.429,4.143,7
358,AudioLDM2_dull_6_crop.wav,AudioLDM2,dull,6,4.571,3.571,7
359,Udio_gloomy_6_crop.wav,Udio,gloomy,6,4.833,4.833,6
360,StableAudio_anxious_6_crop.wav,StableAudio,anxious,6,3.286,3.0,7
361,MusicGen_tranquil_6_crop.wav,MusicGen,tranquil,6,4.125,3.25,8
362,StableAudio_sad_6_crop.wav,StableAudio,sad,6,3.875,5.0,8
363,Mustango_energetic_6_crop.wav,Mustango,energetic,6,5.143,6.143,7
364,StableAudio_happy_6_crop.wav,StableAudio,happy,6,6.25,4.25,8
365,Mustango_angry_6_crop.wav,Mustango,angry,6,2.286,5.857,7
366,StableAudio_scared_6_crop.wav,StableAudio,scared,6,2.4,5.8,5
367,Mustango_anxious_6_crop.wav,Mustango,anxious,6,3.5,3.75,4
368,AudioLDM2_energetic_6_crop.wav,AudioLDM2,energetic,6,4.5,5.667,6
369,MusicGen_relaxed_6_crop.wav,MusicGen,relaxed,6,5.429,6.143,7
370,Suno_excited_6_crop.wav,Suno,excited,6,6.5,6.833,6
371,Suno_energetic_6_crop.wav,Suno,energetic,6,6.333,7.167,6
372,MusicGen_happy_6_crop.wav,MusicGen,happy,6,4.667,4.5,6
373,MusicGen_gloomy_6_crop.wav,MusicGen,gloomy,6,2.0,5.0,4
374,Suno_relaxed_6_crop.wav,Suno,relaxed,6,6.714,4.0,7
375,Mustango_excited_6_crop.wav,Mustango,excited,6,5.143,5.571,7
376,Suno_calm_6_crop.wav,Suno,calm,6,6.0,2.8,5
377,Suno_dull_6_crop.wav,Suno,dull,6,5.286,3.286,7
378,StableAudio_tranquil_6_crop.wav,StableAudio,tranquil,6,3.571,3.429,7
379,MusicGen_sad_6_crop.wav,MusicGen,sad,6,3.833,2.333,6
380,Suno_angry_6_crop.wav,Suno,angry,6,4.714,7.429,7
381,MusicGen_scared_6_crop.wav,MusicGen,scared,6,3.625,3.875,8
382,Suno_anxious_6_crop.wav,Suno,anxious,6,6.0,5.833,6
383,Mustango_calm_6_crop.wav,Mustango,calm,6,1.875,3.0,8
384,Mustango_dull_6_crop.wav,Mustango,dull,6,2.833,4.5,6
385,MusicGen_excited_6_crop.wav,MusicGen,excited,6,4.0,5.5,6
386,StableAudio_dull_6_crop.wav,StableAudio,dull,6,5.2,5.0,5
387,StableAudio_calm_6_crop.wav,StableAudio,calm,6,3.429,3.143,7
388,Mustango_gloomy_6_crop.wav,Mustango,gloomy,6,4.286,2.714,7
389,Suno_tranquil_6_crop.wav,Suno,tranquil,6,4.5,3.0,4
390,AudioLDM2_sad_6_crop.wav,AudioLDM2,sad,6,3.286,3.857,7
391,AudioLDM2_relaxed_6_crop.wav,AudioLDM2,relaxed,6,4.875,2.625,8
392,AudioLDM2_scared_6_crop.wav,AudioLDM2,scared,6,2.5,2.333,6
393,AudioLDM2_tranquil_6_crop.wav,AudioLDM2,tranquil,6,2.75,3.0,4
394,Mustango_tranquil_6_crop.wav,Mustango,tranquil,6,5.0,2.833,6
395,Mustango_sad_6_crop.wav,Mustango,sad,6,3.0,2.2,5
396,Mustango_scared_6_crop.wav,Mustango,scared,6,3.5,6.75,4
397,Udio_excited_6_crop.wav,Udio,excited,6,7.0,7.333,6
398,Udio_anxious_6_crop.wav,Udio,anxious,6,4.667,4.833,6
399,Udio_calm_6_crop.wav,Udio,calm,6,6.286,4.429,7
400,Udio_dull_6_crop.wav,Udio,dull,6,7.0,2.333,6
401,StableAudio_angry_6_crop.wav,StableAudio,angry,6,3.2,7.2,5
402,Suno_scared_6_crop.wav,Suno,scared,6,5.833,4.667,6
403,MusicGen_anxious_6_crop.wav,MusicGen,anxious,6,4.143,6.429,7
404,Suno_sad_6_crop.wav,Suno,sad,6,5.0,2.6,5
405,MusicGen_angry_6_crop.wav,MusicGen,angry,6,5.8,6.0,5
406,Mustango_relaxed_6_crop.wav,Mustango,relaxed,6,2.4,2.6,5
407,Udio_angry_6_crop.wav,Udio,angry,6,7.5,7.0,4
408,MusicGen_calm_6_crop.wav,MusicGen,calm,6,3.714,2.714,7
409,Suno_happy_6_crop.wav,Suno,happy,6,7.0,6.714,7
410,MusicGen_energetic_6_crop.wav,MusicGen,energetic,6,6.6,7.4,5
411,MusicGen_dull_6_crop.wav,MusicGen,dull,6,2.333,3.833,6
412,Suno_gloomy_6_crop.wav,Suno,gloomy,6,4.5,5.5,4
413,StableAudio_relaxed_6_crop.wav,StableAudio,relaxed,6,5.333,3.5,6
414,StableAudio_energetic_6_crop.wav,StableAudio,energetic,6,6.6,6.2,5
415,StableAudio_excited_6_crop.wav,StableAudio,excited,6,6.167,6.167,6
416,StableAudio_gloomy_6_crop.wav,StableAudio,gloomy,6,3.429,3.857,7
417,Mustango_happy_6_crop.wav,Mustango,happy,6,5.0,4.429,7
418,AudioLDM2_angry_6_crop.wav,AudioLDM2,angry,6,4.75,3.875,8
419,Udio_scared_6_crop.wav,Udio,scared,6,5.625,5.75,8
420,Udio_tranquil_6_crop.wav,Udio,tranquil,6,5.0,2.625,8
421,AudioLDM2_gloomy_6_crop.wav,AudioLDM2,gloomy,6,4.286,3.571,7
422,Udio_happy_6_crop.wav,Udio,happy,6,6.2,7.2,5
423,AudioLDM2_happy_6_crop.wav,AudioLDM2,happy,6,5.8,4.0,5
424,Udio_energetic_6_crop.wav,Udio,energetic,6,6.333,7.0,6
425,Suno_dull_7_crop.wav,Suno,dull,7,7.0,4.571,7
426,Mustango_excited_7_crop.wav,Mustango,excited,7,4.667,5.0,6
427,MusicGen_gloomy_7_crop.wav,MusicGen,gloomy,7,3.0,5.0,4
428,Suno_energetic_7_crop.wav,Suno,energetic,7,6.6,7.6,5
429,MusicGen_relaxed_7_crop.wav,MusicGen,relaxed,7,4.375,3.625,8
430,MusicGen_sad_7_crop.wav,MusicGen,sad,7,3.6,5.0,5
431,Suno_excited_7_crop.wav,Suno,excited,7,5.0,7.0,7
432,MusicGen_excited_7_crop.wav,MusicGen,excited,7,2.75,4.625,8
433,AudioLDM2_dull_7_crop.wav,AudioLDM2,dull,7,4.4,3.4,5
434,AudioLDM2_energetic_7_crop.wav,AudioLDM2,energetic,7,5.667,5.167,6
435,StableAudio_anxious_7_crop.wav,StableAudio,anxious,7,5.889,4.333,9
436,Udio_gloomy_7_crop.wav,Udio,gloomy,7,4.75,5.0,4
437,AudioLDM2_calm_7_crop.wav,AudioLDM2,calm,7,3.625,3.5,8
438,Udio_sad_7_crop.wav,Udio,sad,7,5.286,3.571,7
439,Udio_relaxed_7_crop.wav,Udio,relaxed,7,4.75,1.875,8
440,AudioLDM2_anxious_7_crop.wav,AudioLDM2,anxious,7,3.8,3.8,5
441,StableAudio_sad_7_crop.wav,StableAudio,sad,7,4.571,5.714,7
442,MusicGen_scared_7_crop.wav,MusicGen,scared,7,1.714,4.286,7
443,Mustango_dull_7_crop.wav,Mustango,dull,7,2.0,4.833,6
444,Mustango_calm_7_crop.wav,Mustango,calm,7,4.0,2.714,7
445,StableAudio_tranquil_7_crop.wav,StableAudio,tranquil,7,5.8,4.8,5
446,Suno_angry_7_crop.wav,Suno,angry,7,5.833,5.833,6
447,Suno_calm_7_crop.wav,Suno,calm,7,5.0,3.429,7
448,MusicGen_happy_7_crop.wav,MusicGen,happy,7,5.667,5.333,6
449,Mustango_relaxed_7_crop.wav,Mustango,relaxed,7,4.0,3.0,6
450,Mustango_happy_7_crop.wav,Mustango,happy,7,6.0,6.4,5
451,MusicGen_angry_7_crop.wav,MusicGen,angry,7,3.714,5.857,7
452,Udio_angry_7_crop.wav,Udio,angry,7,5.857,6.857,7
453,MusicGen_anxious_7_crop.wav,MusicGen,anxious,7,3.75,5.5,8
454,Suno_scared_7_crop.wav,Suno,scared,7,5.0,1.833,6
455,MusicGen_calm_7_crop.wav,MusicGen,calm,7,4.6,3.6,5
456,Suno_relaxed_7_crop.wav,Suno,relaxed,7,7.0,3.125,8
457,Suno_sad_7_crop.wav,Suno,sad,7,7.0,2.0,7
458,StableAudio_relaxed_7_crop.wav,StableAudio,relaxed,7,4.0,2.667,9
459,StableAudio_gloomy_7_crop.wav,StableAudio,gloomy,7,3.833,4.5,6
460,StableAudio_excited_7_crop.wav,StableAudio,excited,7,4.8,5.4,5
461,MusicGen_energetic_7_crop.wav,MusicGen,energetic,7,3.857,6.0,7
462,Suno_happy_7_crop.wav,Suno,happy,7,6.833,4.333,6
463,Suno_gloomy_7_crop.wav,Suno,gloomy,7,5.714,4.0,7
464,MusicGen_dull_7_crop.wav,MusicGen,dull,7,3.167,4.833,6
465,StableAudio_energetic_7_crop.wav,StableAudio,energetic,7,3.6,4.8,5
466,AudioLDM2_sad_7_crop.wav,AudioLDM2,sad,7,3.25,4.0,4
467,AudioLDM2_tranquil_7_crop.wav,AudioLDM2,tranquil,7,3.833,3.333,6
468,Suno_tranquil_7_crop.wav,Suno,tranquil,7,5.2,2.2,5
469,StableAudio_dull_7_crop.wav,StableAudio,dull,7,5.286,4.571,7
470,StableAudio_calm_7_crop.wav,StableAudio,calm,7,3.75,2.5,4
471,Mustango_gloomy_7_crop.wav,Mustango,gloomy,7,3.4,2.0,5
472,AudioLDM2_scared_7_crop.wav,AudioLDM2,scared,7,5.75,4.5,4
473,Udio_anxious_7_crop.wav,Udio,anxious,7,5.25,5.25,4
474,Mustango_anxious_7_crop.wav,Mustango,anxious,7,4.0,3.6,5
475,Udio_scared_7_crop.wav,Udio,scared,7,7.667,5.667,6
476,Mustango_angry_7_crop.wav,Mustango,angry,7,1.8,6.4,5
477,MusicGen_tranquil_7_crop.wav,MusicGen,tranquil,7,5.0,4.4,5
478,StableAudio_scared_7_crop.wav,StableAudio,scared,7,3.714,5.143,7
479,StableAudio_happy_7_crop.wav,StableAudio,happy,7,4.857,6.429,7
480,Mustango_energetic_7_crop.wav,Mustango,energetic,7,5.8,5.2,5
481,Mustango_sad_7_crop.wav,Mustango,sad,7,4.286,2.714,7
482,Mustango_scared_7_crop.wav,Mustango,scared,7,2.857,4.143,7
483,StableAudio_angry_7_crop.wav,StableAudio,angry,7,5.5,7.333,6
484,Mustango_tranquil_7_crop.wav,Mustango,tranquil,7,4.8,5.0,5
485,Udio_calm_7_crop.wav,Udio,calm,7,6.714,5.429,7
486,AudioLDM2_relaxed_7_crop.wav,AudioLDM2,relaxed,7,5.286,3.286,7
487,Udio_excited_7_crop.wav,Udio,excited,7,5.875,6.625,8
488,AudioLDM2_happy_7_crop.wav,AudioLDM2,happy,7,6.0,4.6,5
489,AudioLDM2_gloomy_7_crop.wav,AudioLDM2,gloomy,7,5.5,3.375,8
490,Udio_dull_7_crop.wav,Udio,dull,7,5.5,3.0,8
491,Udio_energetic_7_crop.wav,Udio,energetic,7,5.2,7.4,5
492,Udio_happy_7_crop.wav,Udio,happy,7,6.0,5.5,4
493,AudioLDM2_angry_7_crop.wav,AudioLDM2,angry,7,3.2,4.0,5
494,AudioLDM2_excited_7_crop.wav,AudioLDM2,excited,7,5.833,4.333,6
495,Udio_tranquil_7_crop.wav,Udio,tranquil,7,3.714,3.429,7
496,Udio_sad_8_crop.wav,Udio,sad,8,4.714,4.857,7
497,Udio_tranquil_8_crop.wav,Udio,tranquil,8,4.75,2.125,8
498,AudioLDM2_angry_8_crop.wav,AudioLDM2,angry,8,4.4,5.6,5
499,Mustango_tranquil_8_crop.wav,Mustango,tranquil,8,4.75,3.375,8
500,Mustango_scared_8_crop.wav,Mustango,scared,8,2.167,5.667,6
501,Udio_dull_8_crop.wav,Udio,dull,8,7.5,4.333,6
502,Mustango_relaxed_8_crop.wav,Mustango,relaxed,8,2.5,4.167,6
503,Mustango_sad_8_crop.wav,Mustango,sad,8,5.2,2.6,5
504,AudioLDM2_happy_8_crop.wav,AudioLDM2,happy,8,6.75,5.375,8
505,AudioLDM2_gloomy_8_crop.wav,AudioLDM2,gloomy,8,4.286,3.571,7
506,StableAudio_dull_8_crop.wav,StableAudio,dull,8,3.571,4.286,7
507,StableAudio_calm_8_crop.wav,StableAudio,calm,8,3.833,3.167,6
508,Udio_calm_8_crop.wav,Udio,calm,8,6.875,3.25,8
509,Udio_anxious_8_crop.wav,Udio,anxious,8,5.75,5.0,8
510,Udio_happy_8_crop.wav,Udio,happy,8,6.857,6.0,7
511,AudioLDM2_excited_8_crop.wav,AudioLDM2,excited,8,5.6,4.0,5
512,Udio_energetic_8_crop.wav,Udio,energetic,8,6.167,6.5,6
513,Mustango_happy_8_crop.wav,Mustango,happy,8,5.714,5.429,7
514,Mustango_gloomy_8_crop.wav,Mustango,gloomy,8,4.667,3.333,6
515,Mustango_excited_8_crop.wav,Mustango,excited,8,5.429,4.571,7
516,Suno_relaxed_8_crop.wav,Suno,relaxed,8,6.286,3.714,7
517,MusicGen_calm_8_crop.wav,MusicGen,calm,8,4.0,2.2,5
518,Suno_sad_8_crop.wav,Suno,sad,8,6.0,2.2,5
519,StableAudio_happy_8_crop.wav,StableAudio,happy,8,5.571,4.857,7
520,StableAudio_energetic_8_crop.wav,StableAudio,energetic,8,5.143,6.143,7
521,StableAudio_relaxed_8_crop.wav,StableAudio,relaxed,8,4.6,3.0,5
522,StableAudio_excited_8_crop.wav,StableAudio,excited,8,5.286,6.571,7
523,AudioLDM2_relaxed_8_crop.wav,AudioLDM2,relaxed,8,2.167,3.0,6
524,AudioLDM2_sad_8_crop.wav,AudioLDM2,sad,8,4.429,3.429,7
525,AudioLDM2_scared_8_crop.wav,AudioLDM2,scared,8,3.143,4.857,7
526,AudioLDM2_tranquil_8_crop.wav,AudioLDM2,tranquil,8,3.0,3.5,6
527,Suno_tranquil_8_crop.wav,Suno,tranquil,8,6.0,3.75,8
528,MusicGen_anxious_8_crop.wav,MusicGen,anxious,8,3.625,5.625,8
529,MusicGen_angry_8_crop.wav,MusicGen,angry,8,2.2,7.4,5
530,Mustango_energetic_8_crop.wav,Mustango,energetic,8,4.375,5.0,8
531,Udio_angry_8_crop.wav,Udio,angry,8,6.25,7.625,8
532,Mustango_dull_8_crop.wav,Mustango,dull,8,2.571,3.571,7
533,MusicGen_energetic_8_crop.wav,MusicGen,energetic,8,4.2,6.0,5
534,Mustango_anxious_8_crop.wav,Mustango,anxious,8,4.286,3.429,7
535,Mustango_calm_8_crop.wav,Mustango,calm,8,4.8,3.2,5
536,Suno_gloomy_8_crop.wav,Suno,gloomy,8,4.0,5.8,5
537,StableAudio_anxious_8_crop.wav,StableAudio,anxious,8,5.714,3.857,7
538,AudioLDM2_calm_8_crop.wav,AudioLDM2,calm,8,3.875,2.75,8
539,Suno_calm_8_crop.wav,Suno,calm,8,6.286,2.429,7
540,Udio_relaxed_8_crop.wav,Udio,relaxed,8,5.571,4.571,7
541,Suno_dull_8_crop.wav,Suno,dull,8,6.2,5.2,5
542,StableAudio_tranquil_8_crop.wav,StableAudio,tranquil,8,4.714,3.714,7
543,Suno_angry_8_crop.wav,Suno,angry,8,7.0,6.833,6
544,MusicGen_sad_8_crop.wav,MusicGen,sad,8,4.0,5.143,7
545,MusicGen_relaxed_8_crop.wav,MusicGen,relaxed,8,5.667,5.5,6
546,MusicGen_happy_8_crop.wav,MusicGen,happy,8,5.0,5.25,4
547,Suno_energetic_8_crop.wav,Suno,energetic,8,5.8,7.2,5
548,Suno_excited_8_crop.wav,Suno,excited,8,7.167,7.167,6
549,Suno_anxious_8_crop.wav,Suno,anxious,8,6.0,5.0,6
550,MusicGen_scared_8_crop.wav,MusicGen,scared,8,3.333,3.833,6
551,MusicGen_tranquil_8_crop.wav,MusicGen,tranquil,8,4.2,2.8,5
552,Mustango_angry_8_crop.wav,Mustango,angry,8,4.286,4.714,7
553,StableAudio_scared_8_crop.wav,StableAudio,scared,8,4.5,4.75,4
554,StableAudio_sad_8_crop.wav,StableAudio,sad,8,4.0,4.0,5
555,Suno_happy_8_crop.wav,Suno,happy,8,7.333,4.5,6
556,MusicGen_gloomy_8_crop.wav,MusicGen,gloomy,8,5.333,4.667,6
557,MusicGen_excited_8_crop.wav,MusicGen,excited,8,5.857,6.143,7
558,Suno_scared_8_crop.wav,Suno,scared,8,2.8,4.0,5
559,MusicGen_dull_8_crop.wav,MusicGen,dull,8,5.0,3.6,5
560,AudioLDM2_anxious_8_crop.wav,AudioLDM2,anxious,8,4.571,2.714,7
561,Udio_scared_8_crop.wav,Udio,scared,8,6.286,5.714,7
562,AudioLDM2_energetic_8_crop.wav,AudioLDM2,energetic,8,6.25,5.125,8
563,Udio_gloomy_8_crop.wav,Udio,gloomy,8,6.429,6.143,7
564,AudioLDM2_dull_8_crop.wav,AudioLDM2,dull,8,4.5,4.167,6
565,StableAudio_angry_8_crop.wav,StableAudio,angry,8,2.0,7.833,6
566,Mustango_calm_9_crop.wav,Mustango,calm,9,5.2,2.4,5
567,Mustango_angry_9_crop.wav,Mustango,angry,9,3.0,5.143,7
568,MusicGen_energetic_9_crop.wav,MusicGen,energetic,9,5.0,6.0,5
569,Mustango_anxious_9_crop.wav,Mustango,anxious,9,4.833,4.333,6
570,MusicGen_calm_9_crop.wav,MusicGen,calm,9,5.333,6.167,6
571,StableAudio_relaxed_9_crop.wav,StableAudio,relaxed,9,4.286,3.857,7
572,AudioLDM2_sad_9_crop.wav,AudioLDM2,sad,9,4.143,3.143,7
573,AudioLDM2_scared_9_crop.wav,AudioLDM2,scared,9,3.6,4.4,5
574,AudioLDM2_tranquil_9_crop.wav,AudioLDM2,tranquil,9,4.833,3.833,6
575,Suno_tranquil_9_crop.wav,Suno,tranquil,9,6.375,3.0,8
576,Suno_sad_9_crop.wav,Suno,sad,9,4.0,3.5,4
577,StableAudio_happy_9_crop.wav,StableAudio,happy,9,6.6,2.8,5
578,StableAudio_gloomy_9_crop.wav,StableAudio,gloomy,9,5.0,5.0,8
579,StableAudio_excited_9_crop.wav,StableAudio,excited,9,4.75,4.125,8
580,MusicGen_gloomy_9_crop.wav,MusicGen,gloomy,9,5.625,6.5,8
581,Suno_happy_9_crop.wav,Suno,happy,9,6.6,5.8,5
582,Suno_excited_9_crop.wav,Suno,excited,9,6.5,6.833,6
583,MusicGen_happy_9_crop.wav,MusicGen,happy,9,3.0,3.25,4
584,Suno_anxious_9_crop.wav,Suno,anxious,9,6.5,6.5,8
585,MusicGen_relaxed_9_crop.wav,MusicGen,relaxed,9,4.25,5.5,4
586,MusicGen_sad_9_crop.wav,MusicGen,sad,9,3.857,6.429,7
587,Suno_dull_9_crop.wav,Suno,dull,9,6.333,3.5,6
588,Suno_angry_9_crop.wav,Suno,angry,9,5.714,7.857,7
589,StableAudio_tranquil_9_crop.wav,StableAudio,tranquil,9,4.0,3.2,5
590,Udio_relaxed_9_crop.wav,Udio,relaxed,9,5.429,4.286,7
591,AudioLDM2_calm_9_crop.wav,AudioLDM2,calm,9,3.667,2.667,6
592,MusicGen_tranquil_9_crop.wav,MusicGen,tranquil,9,3.667,6.0,6
593,StableAudio_sad_9_crop.wav,StableAudio,sad,9,5.667,5.5,6
594,MusicGen_scared_9_crop.wav,MusicGen,scared,9,3.5,4.167,6
595,Mustango_dull_9_crop.wav,Mustango,dull,9,2.2,3.6,5
596,Mustango_energetic_9_crop.wav,Mustango,energetic,9,4.0,5.167,6
597,Udio_angry_9_crop.wav,Udio,angry,9,5.0,6.833,6
598,MusicGen_angry_9_crop.wav,MusicGen,angry,9,4.2,5.4,5
599,MusicGen_anxious_9_crop.wav,MusicGen,anxious,9,4.143,7.143,7
600,Suno_gloomy_9_crop.wav,Suno,gloomy,9,4.4,5.6,5
601,AudioLDM2_relaxed_9_crop.wav,AudioLDM2,relaxed,9,4.2,4.2,5
602,StableAudio_energetic_9_crop.wav,StableAudio,energetic,9,5.2,5.0,5
603,Udio_anxious_9_crop.wav,Udio,anxious,9,6.0,5.5,6
604,StableAudio_dull_9_crop.wav,StableAudio,dull,9,5.25,5.5,4
605,Udio_calm_9_crop.wav,Udio,calm,9,6.6,3.4,5
606,AudioLDM2_excited_9_crop.wav,AudioLDM2,excited,9,5.333,4.333,6
607,Udio_happy_9_crop.wav,Udio,happy,9,6.2,5.8,5
608,Mustango_excited_9_crop.wav,Mustango,excited,9,4.714,4.571,7
609,Mustango_gloomy_9_crop.wav,Mustango,gloomy,9,3.6,3.6,5
610,StableAudio_calm_9_crop.wav,StableAudio,calm,9,2.75,4.0,4
611,Udio_energetic_9_crop.wav,Udio,energetic,9,7.125,6.75,8
612,Mustango_happy_9_crop.wav,Mustango,happy,9,4.143,5.143,7
613,Udio_excited_9_crop.wav,Udio,excited,9,7.75,6.5,4
614,AudioLDM2_happy_9_crop.wav,AudioLDM2,happy,9,5.833,4.833,6
615,Mustango_sad_9_crop.wav,Mustango,sad,9,4.714,3.143,7
616,AudioLDM2_gloomy_9_crop.wav,AudioLDM2,gloomy,9,4.0,3.429,7
617,Udio_dull_9_crop.wav,Udio,dull,9,6.286,2.857,7
618,Mustango_relaxed_9_crop.wav,Mustango,relaxed,9,2.5,3.5,6
619,StableAudio_angry_9_crop.wav,StableAudio,angry,9,5.5,6.667,6
620,Mustango_scared_9_crop.wav,Mustango,scared,9,3.667,4.333,6
621,Mustango_tranquil_9_crop.wav,Mustango,tranquil,9,2.75,2.0,8
622,Udio_sad_9_crop.wav,Udio,sad,9,4.5,4.25,8
623,Udio_tranquil_9_crop.wav,Udio,tranquil,9,3.667,3.167,6
624,StableAudio_anxious_9_crop.wav,StableAudio,anxious,9,4.778,5.889,9
625,Suno_calm_9_crop.wav,Suno,calm,9,6.0,2.8,5
626,Udio_scared_9_crop.wav,Udio,scared,9,7.667,6.667,6
627,AudioLDM2_angry_9_crop.wav,AudioLDM2,angry,9,3.571,3.714,7
628,AudioLDM2_energetic_9_crop.wav,AudioLDM2,energetic,9,3.167,5.5,6
629,AudioLDM2_anxious_9_crop.wav,AudioLDM2,anxious,9,5.25,3.25,4
630,Udio_gloomy_9_crop.wav,Udio,gloomy,9,5.667,6.667,6
631,AudioLDM2_dull_9_crop.wav,AudioLDM2,dull,9,3.75,3.0,4
632,StableAudio_scared_9_crop.wav,StableAudio,scared,9,3.875,6.625,8
633,Suno_energetic_9_crop.wav,Suno,energetic,9,6.143,6.571,7
634,MusicGen_dull_9_crop.wav,MusicGen,dull,9,3.833,4.0,6
635,Suno_scared_9_crop.wav,Suno,scared,9,4.2,3.8,5
636,MusicGen_excited_9_crop.wav,MusicGen,excited,9,4.667,4.167,6
637,Udio_anxious_10_crop.wav,Udio,anxious,10,6.667,4.833,6
638,MusicGen_dull_10_crop.wav,MusicGen,dull,10,2.75,5.0,4
639,MusicGen_calm_10_crop.wav,MusicGen,calm,10,5.833,4.5,6
640,MusicGen_excited_10_crop.wav,MusicGen,excited,10,7.0,7.0,6
641,Suno_happy_10_crop.wav,Suno,happy,10,6.143,5.857,7
642,Mustango_anxious_10_crop.wav,Mustango,anxious,10,4.25,3.0,8
643,Mustango_calm_10_crop.wav,Mustango,calm,10,4.857,3.857,7
644,Mustango_dull_10_crop.wav,Mustango,dull,10,3.571,3.286,7
645,Mustango_energetic_10_crop.wav,Mustango,energetic,10,5.8,5.8,5
646,StableAudio_relaxed_10_crop.wav,StableAudio,relaxed,10,5.0,3.6,5
647,StableAudio_happy_10_crop.wav,StableAudio,happy,10,5.25,4.25,4
648,MusicGen_anxious_10_crop.wav,MusicGen,anxious,10,3.833,5.0,6
649,Udio_calm_10_crop.wav,Udio,calm,10,5.333,2.667,6
650,Udio_dull_10_crop.wav,Udio,dull,10,7.2,2.8,5
651,Udio_excited_10_crop.wav,Udio,excited,10,6.714,6.286,7
652,StableAudio_energetic_10_crop.wav,StableAudio,energetic,10,4.778,6.333,9
653,Mustango_relaxed_10_crop.wav,Mustango,relaxed,10,3.375,3.25,8
654,StableAudio_dull_10_crop.wav,StableAudio,dull,10,4.857,5.429,7
655,Mustango_happy_10_crop.wav,Mustango,happy,10,5.833,4.333,6
656,AudioLDM2_happy_10_crop.wav,AudioLDM2,happy,10,6.286,5.857,7
657,AudioLDM2_relaxed_10_crop.wav,AudioLDM2,relaxed,10,4.75,4.375,8
658,Udio_energetic_10_crop.wav,Udio,energetic,10,7.5,7.0,6
659,Mustango_sad_10_crop.wav,Mustango,sad,10,4.0,3.833,6
660,Mustango_scared_10_crop.wav,Mustango,scared,10,3.714,4.714,7
661,AudioLDM2_gloomy_10_crop.wav,AudioLDM2,gloomy,10,4.286,3.429,7
662,StableAudio_angry_10_crop.wav,StableAudio,angry,10,3.625,6.75,8
663,Mustango_tranquil_10_crop.wav,Mustango,tranquil,10,2.5,3.167,6
664,Udio_sad_10_crop.wav,Udio,sad,10,5.6,2.6,5
665,StableAudio_anxious_10_crop.wav,StableAudio,anxious,10,4.833,3.333,6
666,AudioLDM2_angry_10_crop.wav,AudioLDM2,angry,10,2.625,3.75,8
667,Udio_scared_10_crop.wav,Udio,scared,10,6.5,5.5,6
668,StableAudio_sad_10_crop.wav,StableAudio,sad,10,4.667,4.167,6
669,StableAudio_excited_10_crop.wav,StableAudio,excited,10,4.714,5.714,7
670,StableAudio_gloomy_10_crop.wav,StableAudio,gloomy,10,3.5,4.833,6
671,Suno_sad_10_crop.wav,Suno,sad,10,7.0,2.0,6
672,Mustango_excited_10_crop.wav,Mustango,excited,10,5.444,4.667,9
673,Mustango_gloomy_10_crop.wav,Mustango,gloomy,10,4.167,4.167,6
674,AudioLDM2_scared_10_crop.wav,AudioLDM2,scared,10,1.857,2.143,7
675,AudioLDM2_tranquil_10_crop.wav,AudioLDM2,tranquil,10,4.0,2.5,6
676,MusicGen_angry_10_crop.wav,MusicGen,angry,10,2.143,5.714,7
677,Udio_angry_10_crop.wav,Udio,angry,10,4.375,3.5,8
678,Udio_relaxed_10_crop.wav,Udio,relaxed,10,5.6,3.0,5
679,AudioLDM2_sad_10_crop.wav,AudioLDM2,sad,10,3.6,3.6,5
680,Udio_gloomy_10_crop.wav,Udio,gloomy,10,5.4,6.4,5
681,Mustango_angry_10_crop.wav,Mustango,angry,10,2.714,4.571,7
682,StableAudio_scared_10_crop.wav,StableAudio,scared,10,4.833,6.0,6
683,Suno_tranquil_10_crop.wav,Suno,tranquil,10,6.375,2.25,8
684,MusicGen_energetic_10_crop.wav,MusicGen,energetic,10,5.167,6.333,6
685,Suno_excited_10_crop.wav,Suno,excited,10,5.0,4.6,5
686,MusicGen_happy_10_crop.wav,MusicGen,happy,10,5.625,4.5,8
687,MusicGen_gloomy_10_crop.wav,MusicGen,gloomy,10,3.0,5.167,6
688,AudioLDM2_dull_10_crop.wav,AudioLDM2,dull,10,5.4,4.2,5
689,Suno_energetic_10_crop.wav,Suno,energetic,10,6.556,6.667,9
690,Suno_dull_10_crop.wav,Suno,dull,10,5.25,3.0,4
691,Suno_angry_10_crop.wav,Suno,angry,10,4.667,6.0,6
692,Suno_anxious_10_crop.wav,Suno,anxious,10,5.2,7.4,5
693,MusicGen_relaxed_10_crop.wav,MusicGen,relaxed,10,4.833,4.5,6
694,MusicGen_tranquil_10_crop.wav,MusicGen,tranquil,10,4.571,3.571,7
695,MusicGen_scared_10_crop.wav,MusicGen,scared,10,2.286,5.857,7
696,Suno_gloomy_10_crop.wav,Suno,gloomy,10,3.286,2.286,7
697,Suno_calm_10_crop.wav,Suno,calm,10,4.5,4.5,6
698,MusicGen_sad_10_crop.wav,MusicGen,sad,10,4.0,2.875,8
699,Suno_scared_10_crop.wav,Suno,scared,10,3.429,3.857,7
700,StableAudio_tranquil_10_crop.wav,StableAudio,tranquil,10,3.0,3.25,4
701,Suno_relaxed_10_crop.wav,Suno,relaxed,10,6.667,5.667,6
702,StableAudio_calm_10_crop.wav,StableAudio,calm,10,4.0,2.6,5
703,Udio_happy_10_crop.wav,Udio,happy,10,5.5,6.75,4
704,AudioLDM2_energetic_10_crop.wav,AudioLDM2,energetic,10,5.0,4.875,8
705,AudioLDM2_excited_10_crop.wav,AudioLDM2,excited,10,6.833,5.833,6
706,Udio_tranquil_10_crop.wav,Udio,tranquil,10,4.125,1.75,8
707,AudioLDM2_anxious_10_crop.wav,AudioLDM2,anxious,10,3.875,3.5,8
708,Udio_tranquil_11_crop.wav,Udio,tranquil,11,5.4,2.8,5
709,Udio_scared_11_crop.wav,Udio,scared,11,7.143,5.429,7
710,AudioLDM2_angry_11_crop.wav,AudioLDM2,angry,11,2.857,4.0,7
711,StableAudio_angry_11_crop.wav,StableAudio,angry,11,4.0,6.5,4
712,AudioLDM2_energetic_11_crop.wav,AudioLDM2,energetic,11,4.25,5.0,4
713,StableAudio_anxious_11_crop.wav,StableAudio,anxious,11,4.375,4.625,8
714,Mustango_tranquil_11_crop.wav,Mustango,tranquil,11,4.0,3.8,5
715,Mustango_scared_11_crop.wav,Mustango,scared,11,3.571,5.143,7
716,Suno_dull_11_crop.wav,Suno,dull,11,5.571,4.286,7
717,Suno_anxious_11_crop.wav,Suno,anxious,11,5.0,5.5,4
718,Suno_angry_11_crop.wav,Suno,angry,11,5.667,6.167,6
719,MusicGen_tranquil_11_crop.wav,MusicGen,tranquil,11,4.2,3.6,5
720,MusicGen_scared_11_crop.wav,MusicGen,scared,11,4.0,4.143,7
721,Suno_gloomy_11_crop.wav,Suno,gloomy,11,5.75,4.0,8
722,MusicGen_relaxed_11_crop.wav,MusicGen,relaxed,11,4.4,4.0,5
723,MusicGen_sad_11_crop.wav,MusicGen,sad,11,2.2,4.6,5
724,Suno_calm_11_crop.wav,Suno,calm,11,6.5,2.667,6
725,Mustango_happy_11_crop.wav,Mustango,happy,11,6.286,6.857,7
726,StableAudio_dull_11_crop.wav,StableAudio,dull,11,4.8,5.6,5
727,Mustango_relaxed_11_crop.wav,Mustango,relaxed,11,3.429,3.286,7
728,StableAudio_energetic_11_crop.wav,StableAudio,energetic,11,4.6,5.6,5
729,Udio_gloomy_11_crop.wav,Udio,gloomy,11,6.625,6.625,8
730,Udio_excited_11_crop.wav,Udio,excited,11,6.8,6.2,5
731,StableAudio_relaxed_11_crop.wav,StableAudio,relaxed,11,5.75,2.25,4
732,StableAudio_excited_11_crop.wav,StableAudio,excited,11,4.4,4.8,5
733,StableAudio_gloomy_11_crop.wav,StableAudio,gloomy,11,6.667,3.667,6
734,Mustango_gloomy_11_crop.wav,Mustango,gloomy,11,4.0,5.25,4
735,Mustango_excited_11_crop.wav,Mustango,excited,11,5.625,4.25,8
736,AudioLDM2_scared_11_crop.wav,AudioLDM2,scared,11,2.286,3.286,7
737,AudioLDM2_tranquil_11_crop.wav,AudioLDM2,tranquil,11,5.0,3.0,6
738,MusicGen_angry_11_crop.wav,MusicGen,angry,11,4.833,6.667,6
739,Udio_angry_11_crop.wav,Udio,angry,11,5.571,7.429,7
740,Mustango_dull_11_crop.wav,Mustango,dull,11,2.429,4.143,7
741,Mustango_calm_11_crop.wav,Mustango,calm,11,4.6,4.0,5
742,Mustango_energetic_11_crop.wav,Mustango,energetic,11,4.571,5.714,7
743,StableAudio_happy_11_crop.wav,StableAudio,happy,11,6.167,4.667,6
744,Udio_anxious_11_crop.wav,Udio,anxious,11,6.0,4.833,6
745,MusicGen_anxious_11_crop.wav,MusicGen,anxious,11,5.0,7.333,6
746,MusicGen_calm_11_crop.wav,MusicGen,calm,11,4.429,5.143,7
747,Suno_sad_11_crop.wav,Suno,sad,11,7.167,2.667,6
748,StableAudio_sad_11_crop.wav,StableAudio,sad,11,5.667,3.833,6
749,Mustango_angry_11_crop.wav,Mustango,angry,11,2.167,4.333,6
750,StableAudio_scared_11_crop.wav,StableAudio,scared,11,4.286,4.429,7
751,Mustango_anxious_11_crop.wav,Mustango,anxious,11,5.6,3.8,5
752,StableAudio_tranquil_11_crop.wav,StableAudio,tranquil,11,5.714,2.286,7
753,Suno_relaxed_11_crop.wav,Suno,relaxed,11,5.833,5.167,6
754,Suno_happy_11_crop.wav,Suno,happy,11,8.0,5.0,6
755,MusicGen_gloomy_11_crop.wav,MusicGen,gloomy,11,3.833,2.667,6
756,MusicGen_happy_11_crop.wav,MusicGen,happy,11,5.0,5.8,5
757,Suno_excited_11_crop.wav,Suno,excited,11,7.571,7.143,7
758,Suno_tranquil_11_crop.wav,Suno,tranquil,11,4.0,3.571,7
759,Suno_scared_11_crop.wav,Suno,scared,11,7.4,6.6,5
760,MusicGen_energetic_11_crop.wav,MusicGen,energetic,11,5.0,6.25,4
761,MusicGen_dull_11_crop.wav,MusicGen,dull,11,4.333,7.0,6
762,MusicGen_excited_11_crop.wav,MusicGen,excited,11,5.667,3.333,6
763,AudioLDM2_excited_11_crop.wav,AudioLDM2,excited,11,5.857,5.714,7
764,Udio_happy_11_crop.wav,Udio,happy,11,5.429,6.143,7
765,StableAudio_calm_11_crop.wav,StableAudio,calm,11,5.167,3.333,6
766,AudioLDM2_anxious_11_crop.wav,AudioLDM2,anxious,11,3.8,4.4,5
767,AudioLDM2_dull_11_crop.wav,AudioLDM2,dull,11,5.5,4.167,6
768,AudioLDM2_calm_11_crop.wav,AudioLDM2,calm,11,3.0,2.5,4
769,Suno_energetic_11_crop.wav,Suno,energetic,11,6.333,6.333,6
770,Udio_dull_11_crop.wav,Udio,dull,11,6.833,3.333,6
771,Udio_calm_11_crop.wav,Udio,calm,11,6.667,2.333,6
772,AudioLDM2_sad_11_crop.wav,AudioLDM2,sad,11,3.571,2.571,7
773,AudioLDM2_relaxed_11_crop.wav,AudioLDM2,relaxed,11,5.0,3.111,9
774,Udio_relaxed_11_crop.wav,Udio,relaxed,11,4.167,4.167,6
775,AudioLDM2_gloomy_11_crop.wav,AudioLDM2,gloomy,11,4.333,3.0,6
776,AudioLDM2_happy_11_crop.wav,AudioLDM2,happy,11,6.286,4.571,7
777,Udio_energetic_11_crop.wav,Udio,energetic,11,6.8,6.4,5
778,Mustango_sad_11_crop.wav,Mustango,sad,11,3.6,3.8,5
779,Udio_energetic_12_crop.wav,Udio,energetic,12,7.0,7.143,7
780,Mustango_sad_12_crop.wav,Mustango,sad,12,4.0,4.143,7
781,AudioLDM2_gloomy_12_crop.wav,AudioLDM2,gloomy,12,5.857,3.857,7
782,AudioLDM2_happy_12_crop.wav,AudioLDM2,happy,12,5.667,3.833,6
783,AudioLDM2_relaxed_12_crop.wav,AudioLDM2,relaxed,12,5.5,2.5,6
784,Udio_relaxed_12_crop.wav,Udio,relaxed,12,6.6,3.0,5
785,Udio_dull_12_crop.wav,Udio,dull,12,6.286,3.571,7
786,AudioLDM2_sad_12_crop.wav,AudioLDM2,sad,12,3.667,3.667,6
787,Udio_sad_12_crop.wav,Udio,sad,12,6.6,4.4,5
788,AudioLDM2_calm_12_crop.wav,AudioLDM2,calm,12,3.857,2.714,7
789,AudioLDM2_anxious_12_crop.wav,AudioLDM2,anxious,12,3.125,3.625,8
790,Udio_happy_12_crop.wav,Udio,happy,12,6.6,6.0,5
791,StableAudio_calm_12_crop.wav,StableAudio,calm,12,5.0,3.625,8
792,StableAudio_anxious_12_crop.wav,StableAudio,anxious,12,5.4,6.4,5
793,AudioLDM2_dull_12_crop.wav,AudioLDM2,dull,12,3.857,2.429,7
794,Udio_gloomy_12_crop.wav,Udio,gloomy,12,5.833,6.167,6
795,Mustango_calm_12_crop.wav,Mustango,calm,12,4.5,3.5,6
796,Suno_energetic_12_crop.wav,Suno,energetic,12,6.286,7.286,7
797,AudioLDM2_excited_12_crop.wav,AudioLDM2,excited,12,5.333,4.333,6
798,MusicGen_energetic_12_crop.wav,MusicGen,energetic,12,4.286,5.286,7
799,MusicGen_dull_12_crop.wav,MusicGen,dull,12,5.0,5.833,6
800,MusicGen_excited_12_crop.wav,MusicGen,excited,12,4.333,5.833,6
801,Mustango_angry_12_crop.wav,Mustango,angry,12,3.714,5.429,7
802,StableAudio_tranquil_12_crop.wav,StableAudio,tranquil,12,4.857,3.0,7
803,StableAudio_scared_12_crop.wav,StableAudio,scared,12,3.429,6.286,7
804,Suno_happy_12_crop.wav,Suno,happy,12,6.167,4.5,6
805,MusicGen_gloomy_12_crop.wav,MusicGen,gloomy,12,3.143,2.571,7
806,Mustango_anxious_12_crop.wav,Mustango,anxious,12,4.5,3.667,6
807,Suno_relaxed_12_crop.wav,Suno,relaxed,12,6.2,4.2,5
808,Suno_excited_12_crop.wav,Suno,excited,12,7.167,6.333,6
809,MusicGen_happy_12_crop.wav,MusicGen,happy,12,4.8,4.0,5
810,Suno_scared_12_crop.wav,Suno,scared,12,5.833,4.833,6
811,MusicGen_calm_12_crop.wav,MusicGen,calm,12,5.571,3.286,7
812,Suno_sad_12_crop.wav,Suno,sad,12,6.625,4.125,8
813,StableAudio_sad_12_crop.wav,StableAudio,sad,12,3.167,3.667,6
814,Udio_anxious_12_crop.wav,Udio,anxious,12,5.571,4.857,7
815,MusicGen_anxious_12_crop.wav,MusicGen,anxious,12,4.25,5.0,4
816,MusicGen_angry_12_crop.wav,MusicGen,angry,12,4.286,6.857,7
817,Mustango_dull_12_crop.wav,Mustango,dull,12,2.5,1.25,4
818,StableAudio_happy_12_crop.wav,StableAudio,happy,12,4.4,4.8,5
819,Mustango_energetic_12_crop.wav,Mustango,energetic,12,5.4,4.2,5
820,MusicGen_scared_12_crop.wav,MusicGen,scared,12,3.571,4.571,7
821,Suno_dull_12_crop.wav,Suno,dull,12,6.143,3.857,7
822,Suno_angry_12_crop.wav,Suno,angry,12,4.833,7.0,6
823,Suno_anxious_12_crop.wav,Suno,anxious,12,5.5,7.5,6
824,Suno_gloomy_12_crop.wav,Suno,gloomy,12,6.4,7.0,5
825,MusicGen_relaxed_12_crop.wav,MusicGen,relaxed,12,3.833,4.333,6
826,Mustango_gloomy_12_crop.wav,Mustango,gloomy,12,3.143,3.857,7
827,Udio_angry_12_crop.wav,Udio,angry,12,6.167,6.333,6
828,StableAudio_energetic_12_crop.wav,StableAudio,energetic,12,5.333,5.5,6
829,Suno_tranquil_12_crop.wav,Suno,tranquil,12,7.286,5.714,7
830,Mustango_happy_12_crop.wav,Mustango,happy,12,5.333,4.667,6
831,MusicGen_sad_12_crop.wav,MusicGen,sad,12,4.5,3.167,6
832,Suno_calm_12_crop.wav,Suno,calm,12,6.25,1.75,8
833,StableAudio_dull_12_crop.wav,StableAudio,dull,12,5.714,4.286,7
834,Mustango_relaxed_12_crop.wav,Mustango,relaxed,12,3.714,2.571,7
835,Udio_excited_12_crop.wav,Udio,excited,12,7.2,6.8,5
836,Udio_calm_12_crop.wav,Udio,calm,12,7.333,3.833,6
837,StableAudio_gloomy_12_crop.wav,StableAudio,gloomy,12,3.667,4.333,6
838,StableAudio_relaxed_12_crop.wav,StableAudio,relaxed,12,5.667,4.667,6
839,Mustango_excited_12_crop.wav,Mustango,excited,12,5.0,5.4,5
840,StableAudio_excited_12_crop.wav,StableAudio,excited,12,7.0,5.0,5
841,AudioLDM2_tranquil_12_crop.wav,AudioLDM2,tranquil,12,4.0,2.571,7
842,AudioLDM2_scared_12_crop.wav,AudioLDM2,scared,12,2.0,5.25,4
843,MusicGen_tranquil_12_crop.wav,MusicGen,tranquil,12,4.167,2.167,6
844,Mustango_scared_12_crop.wav,Mustango,scared,12,2.5,4.375,8
845,StableAudio_angry_12_crop.wav,StableAudio,angry,12,4.833,6.833,6
846,Mustango_tranquil_12_crop.wav,Mustango,tranquil,12,4.167,3.167,6
847,AudioLDM2_angry_12_crop.wav,AudioLDM2,angry,12,3.5,4.833,6
848,Udio_scared_12_crop.wav,Udio,scared,12,6.143,3.857,7
849,Udio_tranquil_12_crop.wav,Udio,tranquil,12,6.2,2.6,5
850,AudioLDM2_energetic_12_crop.wav,AudioLDM2,energetic,12,5.875,6.25,8
851,MusicGen_angry_13_crop.wav,MusicGen,angry,13,2.375,5.875,8
852,Suno_calm_13_crop.wav,Suno,calm,13,4.25,3.375,8
853,Suno_excited_13_crop.wav,Suno,excited,13,7.429,8.0,7
854,MusicGen_happy_13_crop.wav,MusicGen,happy,13,7.667,6.167,6
855,Mustango_anxious_13_crop.wav,Mustango,anxious,13,5.143,3.143,7
856,MusicGen_gloomy_13_crop.wav,MusicGen,gloomy,13,4.125,5.0,8
857,Suno_relaxed_13_crop.wav,Suno,relaxed,13,7.143,3.714,7
858,Suno_scared_13_crop.wav,Suno,scared,13,4.0,7.167,6
859,Mustango_angry_13_crop.wav,Mustango,angry,13,4.2,7.6,5
860,Suno_tranquil_13_crop.wav,Suno,tranquil,13,5.25,3.0,4
861,Udio_anxious_13_crop.wav,Udio,anxious,13,6.0,4.857,7
862,StableAudio_scared_13_crop.wav,StableAudio,scared,13,4.556,4.889,9
863,Udio_excited_13_crop.wav,Udio,excited,13,7.0,6.833,6
864,Udio_dull_13_crop.wav,Udio,dull,13,6.333,4.667,6
865,Mustango_gloomy_13_crop.wav,Mustango,gloomy,13,3.0,3.5,6
866,Udio_calm_13_crop.wav,Udio,calm,13,5.6,4.6,5
867,Mustango_happy_13_crop.wav,Mustango,happy,13,5.857,4.857,7
868,MusicGen_relaxed_13_crop.wav,MusicGen,relaxed,13,4.2,4.8,5
869,Suno_dull_13_crop.wav,Suno,dull,13,6.667,4.333,6
870,Udio_angry_13_crop.wav,Udio,angry,13,3.8,8.0,5
871,MusicGen_scared_13_crop.wav,MusicGen,scared,13,7.2,4.2,5
872,Suno_gloomy_13_crop.wav,Suno,gloomy,13,5.8,3.2,5
873,MusicGen_sad_13_crop.wav,MusicGen,sad,13,2.833,6.667,6
874,Suno_angry_13_crop.wav,Suno,angry,13,4.0,7.0,6
875,StableAudio_dull_13_crop.wav,StableAudio,dull,13,4.125,3.75,8
876,AudioLDM2_tranquil_13_crop.wav,AudioLDM2,tranquil,13,3.857,3.857,7
877,MusicGen_anxious_13_crop.wav,MusicGen,anxious,13,5.571,7.286,7
878,StableAudio_happy_13_crop.wav,StableAudio,happy,13,5.571,5.429,7
879,Mustango_energetic_13_crop.wav,Mustango,energetic,13,5.571,5.429,7
880,MusicGen_calm_13_crop.wav,MusicGen,calm,13,3.4,4.4,5
881,Suno_sad_13_crop.wav,Suno,sad,13,5.75,2.25,8
882,MusicGen_tranquil_13_crop.wav,MusicGen,tranquil,13,3.333,4.5,6
883,Mustango_dull_13_crop.wav,Mustango,dull,13,3.167,3.5,6
884,Udio_happy_13_crop.wav,Udio,happy,13,6.429,7.143,7
885,Udio_gloomy_13_crop.wav,Udio,gloomy,13,5.429,4.714,7
886,StableAudio_tranquil_13_crop.wav,StableAudio,tranquil,13,4.222,4.333,9
887,StableAudio_sad_13_crop.wav,StableAudio,sad,13,4.571,5.714,7
888,StableAudio_calm_13_crop.wav,StableAudio,calm,13,4.167,3.833,6
889,Suno_happy_13_crop.wav,Suno,happy,13,6.571,5.571,7
890,AudioLDM2_anxious_13_crop.wav,AudioLDM2,anxious,13,2.25,2.25,4
891,Suno_energetic_13_crop.wav,Suno,energetic,13,6.857,6.857,7
892,MusicGen_dull_13_crop.wav,MusicGen,dull,13,4.333,4.5,6
893,Mustango_calm_13_crop.wav,Mustango,calm,13,4.429,2.571,7
894,MusicGen_energetic_13_crop.wav,MusicGen,energetic,13,4.2,6.2,5
895,StableAudio_anxious_13_crop.wav,StableAudio,anxious,13,5.25,4.5,8
896,MusicGen_excited_13_crop.wav,MusicGen,excited,13,5.0,4.5,6
897,AudioLDM2_excited_13_crop.wav,AudioLDM2,excited,13,5.125,5.75,8
898,AudioLDM2_sad_13_crop.wav,AudioLDM2,sad,13,3.667,4.667,6
899,AudioLDM2_calm_13_crop.wav,AudioLDM2,calm,13,5.4,4.6,5
900,Udio_sad_13_crop.wav,Udio,sad,13,5.2,6.0,5
901,Udio_relaxed_13_crop.wav,Udio,relaxed,13,7.0,5.0,6
902,AudioLDM2_dull_13_crop.wav,AudioLDM2,dull,13,4.714,2.714,7
903,AudioLDM2_happy_13_crop.wav,AudioLDM2,happy,13,5.167,4.333,6
904,AudioLDM2_gloomy_13_crop.wav,AudioLDM2,gloomy,13,3.0,3.5,8
905,Mustango_sad_13_crop.wav,Mustango,sad,13,3.714,3.571,7
906,Udio_energetic_13_crop.wav,Udio,energetic,13,6.4,6.4,5
907,AudioLDM2_energetic_13_crop.wav,AudioLDM2,energetic,13,4.0,4.714,7
908,Mustango_scared_13_crop.wav,Mustango,scared,13,3.0,5.333,6
909,Udio_scared_13_crop.wav,Udio,scared,13,6.714,5.714,7
910,Udio_tranquil_13_crop.wav,Udio,tranquil,13,5.286,2.857,7
911,Suno_anxious_13_crop.wav,Suno,anxious,13,6.571,8.0,7
912,Mustango_tranquil_13_crop.wav,Mustango,tranquil,13,3.8,4.0,5
913,StableAudio_angry_13_crop.wav,StableAudio,angry,13,1.714,5.571,7
914,AudioLDM2_angry_13_crop.wav,AudioLDM2,angry,13,2.167,4.0,6
915,StableAudio_excited_13_crop.wav,StableAudio,excited,13,6.125,5.625,8
916,Mustango_relaxed_13_crop.wav,Mustango,relaxed,13,3.5,3.167,6
917,StableAudio_energetic_13_crop.wav,StableAudio,energetic,13,5.0,6.333,6
918,AudioLDM2_scared_13_crop.wav,AudioLDM2,scared,13,2.5,2.0,6
919,StableAudio_relaxed_13_crop.wav,StableAudio,relaxed,13,4.8,3.0,5
920,Mustango_excited_13_crop.wav,Mustango,excited,13,5.0,5.8,5
921,StableAudio_gloomy_13_crop.wav,StableAudio,gloomy,13,6.167,4.667,6
922,MusicGen_tranquil_14_crop.wav,MusicGen,tranquil,14,5.6,4.6,5
923,StableAudio_gloomy_14_crop.wav,StableAudio,gloomy,14,2.143,4.286,7
924,MusicGen_angry_14_crop.wav,MusicGen,angry,14,2.667,7.333,6
925,AudioLDM2_tranquil_14_crop.wav,AudioLDM2,tranquil,14,3.5,3.5,6
926,Mustango_dull_14_crop.wav,Mustango,dull,14,2.5,2.667,6
927,Mustango_calm_14_crop.wav,Mustango,calm,14,3.6,2.4,5
928,StableAudio_happy_14_crop.wav,StableAudio,happy,14,5.4,5.4,5
929,MusicGen_anxious_14_crop.wav,MusicGen,anxious,14,4.5,6.25,4
930,Mustango_energetic_14_crop.wav,Mustango,energetic,14,5.5,4.833,6
931,MusicGen_calm_14_crop.wav,MusicGen,calm,14,4.333,4.333,6
932,Udio_anxious_14_crop.wav,Udio,anxious,14,5.0,4.6,5
933,Suno_sad_14_crop.wav,Suno,sad,14,5.0,2.571,7
934,MusicGen_excited_14_crop.wav,MusicGen,excited,14,5.125,5.25,8
935,Suno_happy_14_crop.wav,Suno,happy,14,7.25,6.25,4
936,MusicGen_energetic_14_crop.wav,MusicGen,energetic,14,5.2,7.4,5
937,MusicGen_dull_14_crop.wav,MusicGen,dull,14,3.0,3.167,6
938,Suno_excited_14_crop.wav,Suno,excited,14,6.25,8.5,4
939,Udio_sad_14_crop.wav,Udio,sad,14,4.286,4.571,7
940,AudioLDM2_dull_14_crop.wav,AudioLDM2,dull,14,4.571,3.714,7
941,AudioLDM2_calm_14_crop.wav,AudioLDM2,calm,14,3.0,4.0,7
942,Udio_happy_14_crop.wav,Udio,happy,14,5.6,5.8,5
943,Udio_relaxed_14_crop.wav,Udio,relaxed,14,5.75,3.75,4
944,Udio_dull_14_crop.wav,Udio,dull,14,7.4,3.0,5
945,AudioLDM2_happy_14_crop.wav,AudioLDM2,happy,14,4.571,3.857,7
946,AudioLDM2_relaxed_14_crop.wav,AudioLDM2,relaxed,14,3.5,2.667,6
947,Mustango_tranquil_14_crop.wav,Mustango,tranquil,14,4.0,3.0,4
948,AudioLDM2_gloomy_14_crop.wav,AudioLDM2,gloomy,14,3.889,3.0,9
949,Udio_energetic_14_crop.wav,Udio,energetic,14,6.375,7.375,8
950,Mustango_sad_14_crop.wav,Mustango,sad,14,3.429,2.143,7
951,StableAudio_sad_14_crop.wav,StableAudio,sad,14,2.75,4.5,4
952,StableAudio_tranquil_14_crop.wav,StableAudio,tranquil,14,3.2,3.2,5
953,Suno_calm_14_crop.wav,Suno,calm,14,6.714,2.143,7
954,Mustango_angry_14_crop.wav,Mustango,angry,14,2.571,5.143,7
955,MusicGen_gloomy_14_crop.wav,MusicGen,gloomy,14,3.833,5.5,6
956,StableAudio_scared_14_crop.wav,StableAudio,scared,14,2.857,3.857,7
957,Mustango_anxious_14_crop.wav,Mustango,anxious,14,4.833,2.5,6
958,Suno_relaxed_14_crop.wav,Suno,relaxed,14,6.5,3.167,6
959,Suno_energetic_14_crop.wav,Suno,energetic,14,6.0,6.0,7
960,Suno_scared_14_crop.wav,Suno,scared,14,5.167,3.167,6
961,MusicGen_happy_14_crop.wav,MusicGen,happy,14,5.0,4.833,6
962,AudioLDM2_anxious_14_crop.wav,AudioLDM2,anxious,14,4.5,3.5,8
963,AudioLDM2_excited_14_crop.wav,AudioLDM2,excited,14,6.0,3.2,5
964,Mustango_scared_14_crop.wav,Mustango,scared,14,1.6,5.6,5
965,StableAudio_anxious_14_crop.wav,StableAudio,anxious,14,5.0,4.2,5
966,Mustango_gloomy_14_crop.wav,Mustango,gloomy,14,3.714,3.429,7
967,AudioLDM2_scared_14_crop.wav,AudioLDM2,scared,14,2.667,3.167,6
968,AudioLDM2_sad_14_crop.wav,AudioLDM2,sad,14,3.143,4.429,7
969,StableAudio_relaxed_14_crop.wav,StableAudio,relaxed,14,3.286,2.286,7
970,StableAudio_excited_14_crop.wav,StableAudio,excited,14,6.5,6.167,6
971,Suno_angry_14_crop.wav,Suno,angry,14,6.5,7.333,6
972,Suno_dull_14_crop.wav,Suno,dull,14,4.375,3.125,8
973,MusicGen_relaxed_14_crop.wav,MusicGen,relaxed,14,5.0,4.0,7
974,MusicGen_scared_14_crop.wav,MusicGen,scared,14,3.2,4.6,5
975,Suno_gloomy_14_crop.wav,Suno,gloomy,14,5.167,5.167,6
976,MusicGen_sad_14_crop.wav,MusicGen,sad,14,3.833,4.0,6
977,Suno_anxious_14_crop.wav,Suno,anxious,14,6.857,5.0,7
978,StableAudio_dull_14_crop.wav,StableAudio,dull,14,6.0,6.125,8
979,StableAudio_calm_14_crop.wav,StableAudio,calm,14,4.6,4.8,5
980,Udio_angry_14_crop.wav,Udio,angry,14,6.0,7.875,8
981,Mustango_excited_14_crop.wav,Mustango,excited,14,5.2,4.4,5
982,Udio_excited_14_crop.wav,Udio,excited,14,7.143,7.286,7
983,Udio_calm_14_crop.wav,Udio,calm,14,7.111,2.111,9
984,StableAudio_energetic_14_crop.wav,StableAudio,energetic,14,5.143,5.286,7
985,Mustango_happy_14_crop.wav,Mustango,happy,14,5.0,5.0,5
986,Udio_gloomy_14_crop.wav,Udio,gloomy,14,3.5,4.667,6
987,Udio_tranquil_14_crop.wav,Udio,tranquil,14,6.0,2.2,5
988,AudioLDM2_angry_14_crop.wav,AudioLDM2,angry,14,4.0,6.0,5
989,StableAudio_angry_14_crop.wav,StableAudio,angry,14,6.4,6.8,5
990,AudioLDM2_energetic_14_crop.wav,AudioLDM2,energetic,14,5.0,4.4,5
991,Udio_scared_14_crop.wav,Udio,scared,14,6.4,6.0,5
